work_id,state,constituency,mp_name,ida,work_category,work_status,sanction_amount,total_disbursed_all_rows,deduplicated_disbursed_amount,success_utilization_ratio,days_since_sanction,days_since_last_payment,payment_count,vendor_count,duplicate_ratio,review_priority_score,review_priority_label,signal_count,top_signal_1,top_signal_2,top_signal_3,explanation_text,is_demo_fixture
WS/MP18201/2025-2026/194865,Uttar Pradesh,AONLA,NEERAJ MAURYA,BUDAUN(DISTRICT MAGISTRATE BUDAUN_IDA),Normal/Others,Physical Inspection,21030400,21030400,3730588,1,480,450,21,2,0.8095,66.0,High,2,A large share of payment rows repeat an earlier row (81% duplicate ratio),Unusually many payments (21) recorded for a single work,,"[DEMO FIXTURE - placeholder, not an engine result] A large share of payment rows repeat an earlier row (81% duplicate ratio); Unusually many payments (21) recorded for a single work. These are unusual patterns that may merit a human review.",true
WS/MP380/2025-2026/231503,Punjab,FATEHGARH SAHIB(SC),Shri Amar Singh,LUDHIANA(DEPUTY COMMISSIONER LUDHIANA_IDA),Normal/Others,Vendor Identification,300000,280546,91178,0.935153,359,53,7,2,0.5714,61.0,High,2,A large share of payment rows repeat an earlier row (57% duplicate ratio),Unusually many payments (7) recorded for a single work,,"[DEMO FIXTURE - placeholder, not an engine result] A large share of payment rows repeat an earlier row (57% duplicate ratio); Unusually many payments (7) recorded for a single work. These are unusual patterns that may merit a human review.",true
WS/MP716/2025-2026/210116,Punjab,BHATINDA,Smt Harsimrat Kaur Badal,SRI MUKTSAR SAHIB(DEPUTY COMMISSIONER SRI MUKTSAR SAHIB_IDA),Normal/Others,Physical Inspection,250000,250000,153100,1,437,400,5,2,0.4,58.0,High,2,A large share of payment rows repeat an earlier row (40% duplicate ratio),Unusually many payments (5) recorded for a single work,,"[DEMO FIXTURE - placeholder, not an engine result] A large share of payment rows repeat an earlier row (40% duplicate ratio); Unusually many payments (5) recorded for a single work. These are unusual patterns that may merit a human review.",true
WS/MP18049/2025-2026/181693,Chhattisgarh,BILASPUR,TOKHAN SAHU,MUNGELI(Collector Mungeli_IDA),Normal/Others,Vendor Identification,500000,200000,200000,0.4,477,461,1,1,0,50.0,High,2,Only 40% of the sanction is utilised 477 days after sanction,No payment for 461 days while the work is 40% utilised,,"[DEMO FIXTURE - placeholder, not an engine result] Only 40% of the sanction is utilised 477 days after sanction; No payment for 461 days while the work is 40% utilised. These are unusual patterns that may merit a human review.",true
WS/MP18314/2025-2026/219253,Punjab,SANGRUR,GURMEET SINGH MEET HAYER,BARNALA(DEPUTY COMMISSIONER BARNALA_IDA),Normal/Others,Physical Inspection,70000,70000,35000,1,365,302,2,1,0.5,50.0,High,1,A large share of payment rows repeat an earlier row (50% duplicate ratio),,,"[DEMO FIXTURE - placeholder, not an engine result] A large share of payment rows repeat an earlier row (50% duplicate ratio). These are unusual patterns that may merit a human review.",true
WS/MP18005/2025-2026/199561,Andhra Pradesh,BAPATLA,Krishna Prasad Tenneti,Bapatla(DISTRICT COLLECTOR BAPATLA_IDA),Normal/Others,Vendor Identification,2000000,953465,953465,0.476732,396,225,1,1,0,30.0,Medium,1,Only 48% of the sanction is utilised 396 days after sanction,,,"[DEMO FIXTURE - placeholder, not an engine result] Only 48% of the sanction is utilised 396 days after sanction. These are unusual patterns that may merit a human review.",true
WS/MP18054/2025-2026/190117,Gujarat,MAHESANA,HARIBHAI PATEL,MAHESANA(DISTRICT COLLECTOR MAHESANA_IDA),Normal/Others,Vendor Identification,2910000,1430000,1430000,0.491409,400,86,1,1,0,30.0,Medium,1,Only 49% of the sanction is utilised 400 days after sanction,,,"[DEMO FIXTURE - placeholder, not an engine result] Only 49% of the sanction is utilised 400 days after sanction. These are unusual patterns that may merit a human review.",true
WS/MP18154/2025-2026/166567,Punjab,GURDASPUR,SUKHJINDER SINGH RANDHAWA,GURDASPUR(DEPUTY COMMISSIONER GURDASPUR_IDA),Normal/Others,Work partially Completed,500000,207250,207250,0.4145,501,249,2,2,0,30.0,Medium,1,Only 41% of the sanction is utilised 501 days after sanction,,,"[DEMO FIXTURE - placeholder, not an engine result] Only 41% of the sanction is utilised 501 days after sanction. These are unusual patterns that may merit a human review.",true
WS/MP18189/2025-2026/183831,Telangana,KHAMMAM,RAMASAHAYAM RAGHURAM REDDY,KHAMMAM(DISTRICT COLLECTOR KHAMMAM_IDA),Normal/Others,Work partially Completed,80000,72251,72251,0,380,15,1,1,0,30.0,Medium,1,Only 0% of the sanction is utilised 380 days after sanction,,,"[DEMO FIXTURE - placeholder, not an engine result] Only 0% of the sanction is utilised 380 days after sanction. These are unusual patterns that may merit a human review.",true
WS/MP818/2025-2026/175845,Uttar Pradesh,MAINPURI,Smt Dimple Yadav,ETAWAH(DISTRICT MAGISTRATE ETAWAH_IDA),Normal/Others,Vendor Identification,16000,15364,15364,0,430,118,1,1,0,30.0,Medium,1,Only 0% of the sanction is utilised 430 days after sanction,,,"[DEMO FIXTURE - placeholder, not an engine result] Only 0% of the sanction is utilised 430 days after sanction. These are unusual patterns that may merit a human review.",true
WS/MP18064/2024-2025/154878,Haryana,KURUKSHETRA,NAVEEN JINDAL,YAMUNANAGAR(Deputy Commissioner YamunaNagar_IDA),Normal/Others,Vendor Identification,400000,290693,290693,0.726732,641,438,1,1,0,20.0,Medium,1,No payment for 438 days while the work is 73% utilised,,,"[DEMO FIXTURE - placeholder, not an engine result] No payment for 438 days while the work is 73% utilised. These are unusual patterns that may merit a human review.",true
WS/MP18190/2025-2026/163809,Telangana,MAHABUBABAD,BALRAM NAIK PORIKA,WARANGAL(District Collector Warangal_IDA),Normal/Others,Physical Inspection,45000,31671,31671,0.7038,382,373,1,1,0,20.0,Medium,1,No payment for 373 days while the work is 70% utilised,,,"[DEMO FIXTURE - placeholder, not an engine result] No payment for 373 days while the work is 70% utilised. These are unusual patterns that may merit a human review.",true
WS/MP18258/2025-2026/164630,Maharashtra,CHANDRAPUR,DHANORKAR PRATIBHA SURESH ALIAS BALUBHAU,CHANDRAPUR(DISTRICT COLLECTOR CHANDRAPUR_IDA),Normal/Others,Work Completed,500000,449205,449205,0.89841,477,464,2,2,0,20.0,Medium,1,No payment for 464 days while the work is 90% utilised,,,"[DEMO FIXTURE - placeholder, not an engine result] No payment for 464 days while the work is 90% utilised. These are unusual patterns that may merit a human review.",true
WS/MP18262/2025-2026/205414,Jharkhand,SINGHBHUM(ST),JOBA MAJHI,WEST SINGHBHUM(DEPUTY COMMISSIONER WEST SINGHBHUM_IDA),Normal/Others,Work partially Completed,815600,611700,611700,0.75,426,415,1,1,0,20.0,Medium,1,No payment for 415 days while the work is 75% utilised,,,"[DEMO FIXTURE - placeholder, not an engine result] No payment for 415 days while the work is 75% utilised. These are unusual patterns that may merit a human review.",true
WS/MP18354/2025-2026/158202,Chhattisgarh,SARGUJA(ST),CHINTAMANI MAHARAJ,Balrampur-Ramanujganj(District Collector BALRAMPUR_IDA),Normal/Others,Vendor Identification,495511,371633,371633,0.749999,507,498,1,1,0,20.0,Medium,1,No payment for 498 days while the work is 75% utilised,,,"[DEMO FIXTURE - placeholder, not an engine result] No payment for 498 days while the work is 75% utilised. These are unusual patterns that may merit a human review.",true
WS/MP334/2025-2026/208153,Jharkhand,GIRIDIH,Shri Chandra Prakash Choudhary,BOKARO(DEPUTY COMMISSIONER BOKARO_IDA),Normal/Others,Vendor Identification,300000,275000,275000,0.916667,377,373,1,1,0,20.0,Medium,1,No payment for 373 days while the work is 92% utilised,,,"[DEMO FIXTURE - placeholder, not an engine result] No payment for 373 days while the work is 92% utilised. These are unusual patterns that may merit a human review.",true
WS/MP429/2024-2025/143877,Chhattisgarh,KORBA,Jyotsna Charandas Mahant,KORBA(Collector-Korba),Normal/Others,Work partially Completed,400000,200000,200000,0.5,653,640,1,1,0,20.0,Medium,1,No payment for 640 days while the work is 50% utilised,,,"[DEMO FIXTURE - placeholder, not an engine result] No payment for 640 days while the work is 50% utilised. These are unusual patterns that may merit a human review.",true
WS/MP429/2025-2026/209939,Chhattisgarh,KORBA,Jyotsna Charandas Mahant,KORBA(Collector-Korba),Normal/Others,Work partially Completed,500000,250000,250000,0.5,430,417,1,1,0,20.0,Medium,1,No payment for 417 days while the work is 50% utilised,,,"[DEMO FIXTURE - placeholder, not an engine result] No payment for 417 days while the work is 50% utilised. These are unusual patterns that may merit a human review.",true
WS/MP524/2025-2026/185357,Andhra Pradesh,RAJAMPET,Midhun Reddy,Annamayya(DISTRICT COLLECTOR ANNAMAYYA_IDA),Normal/Others,Work Completed,400000,361201,361201,0.903002,520,393,1,1,0,20.0,Medium,1,No payment for 393 days while the work is 90% utilised,,,"[DEMO FIXTURE - placeholder, not an engine result] No payment for 393 days while the work is 90% utilised. These are unusual patterns that may merit a human review.",true
WS/MP568/2025-2026/189462,Chhattisgarh,DURG,Vijay Baghel,DURG(DISTRICT COLLECTOR DURG_IDA),Normal/Others,Vendor Identification,500000,250000,250000,0.5,445,430,1,1,0,20.0,Medium,1,No payment for 430 days while the work is 50% utilised,,,"[DEMO FIXTURE - placeholder, not an engine result] No payment for 430 days while the work is 50% utilised. These are unusual patterns that may merit a human review.",true
WS/MP021/2025-2026/200609,Uttarakhand,NAINITAL UDHAM SINGH NAG.,Ajay Bhatt,NAINITAL(DISTRICT MAGISTRATE NAINITAL_IDA),Normal/Others,Vendor Identification,250000,247830,247830,0.99132,284,67,10,10,0,10.0,Low,1,Unusually many payments (10) recorded for a single work,,,"[DEMO FIXTURE - placeholder, not an engine result] Unusually many payments (10) recorded for a single work. These are unusual patterns that may merit a human review.",true
WS/MP18019/2024-2025/146093,Assam,Diphu (ST),AMARSING TISSO,KARBI ANGLONG(DEPUTY COMMISSIONER KARBI ANGLONG_IDA),Normal/Others,Physical Inspection,300000,299583,299583,0.96457,620,104,4,2,0,10.0,Low,1,Unusually many payments (4) recorded for a single work,,,"[DEMO FIXTURE - placeholder, not an engine result] Unusually many payments (4) recorded for a single work. These are unusual patterns that may merit a human review.",true
WS/MP18064/2024-2025/154940,Haryana,KURUKSHETRA,NAVEEN JINDAL,KURUKSHETRA(DEPUTY COMMISSIONER KURUKSHETRA_IDA),Normal/Others,Physical Inspection,185006,185006,185006,1,651,434,4,4,0,10.0,Low,1,Unusually many payments (4) recorded for a single work,,,"[DEMO FIXTURE - placeholder, not an engine result] Unusually many payments (4) recorded for a single work. These are unusual patterns that may merit a human review.",true
WS/MP18098/2025-2026/200426,Madhya Pradesh,BALAGHAT,BHARTI PARDHI,SEONI(District Collector Seoni_IDA),Normal/Others,Work partially Completed,2500000,2477560,2477560,0.991024,462,191,5,1,0,10.0,Low,1,Unusually many payments (5) recorded for a single work,,,"[DEMO FIXTURE - placeholder, not an engine result] Unusually many payments (5) recorded for a single work. These are unusual patterns that may merit a human review.",true
WS/MP18146/2025-2026/165916,Odisha,KEONJHAR(ST),ANANTA NAYAK,Kendujhar(DISTRICT COLLECTOR KEONJHAR_IDA),Normal/Others,Work partially Completed,200000,200000,200000,1,329,318,6,6,0,10.0,Low,1,Unusually many payments (6) recorded for a single work,,,"[DEMO FIXTURE - placeholder, not an engine result] Unusually many payments (6) recorded for a single work. These are unusual patterns that may merit a human review.",true
WS/MP18155/2025-2026/245575,Punjab,HOSHIARPUR(SC),DR. RAJ KUMAR CHABBEWAL,HOSHIARPUR(DEPUTY COMMISSIONER HOSHIARPUR_IDA),Normal/Others,Vendor Identification,600000,326901,278971,0.544835,305,225,6,3,0.1667,10.0,Low,1,Unusually many payments (6) recorded for a single work,,,"[DEMO FIXTURE - placeholder, not an engine result] Unusually many payments (6) recorded for a single work. These are unusual patterns that may merit a human review.",true
WS/MP005/2025-2026/175387,Gujarat,KHEDA,Devusinh Jesingbhai Chauhan,KHEDA(DISTRICT COLLECTOR KHEDA_IDA),Normal/Others,Vendor Identification,50000,50000,50000,1,521,18,1,1,0,0.0,Low,0,,,,"[DEMO FIXTURE - placeholder, not an engine result] No unusual pattern was triggered for this work.",true
WS/MP017/2026-2027/280358,Tamil Nadu,ARAKKONAM,S. Jagathrakshakan,THIRUVALLUR(DISTRICT COLLECTOR TIRUVALLUR_IDA),Normal/Others,Physical Inspection,375000,375000,375000,1,31,24,1,1,0,0.0,Low,0,,,,"[DEMO FIXTURE - placeholder, not an engine result] No unusual pattern was triggered for this work.",true
WS/MP18003/2025-2026/223838,Andhra Pradesh,ANANTAPUR,AMBICA G LAKSHMINARAYANA VALMIKI,Ananthapuramu(DISTRICT COLLECTOR ANANTAPUR_IDA),Repair and Renovation,Work partially Completed,1000000,557347,557347,0.557347,338,69,1,1,0,0.0,Low,0,,,,"[DEMO FIXTURE - placeholder, not an engine result] No unusual pattern was triggered for this work.",true
WS/MP18020/2025-2026/166116,Assam,BARPETA,PHANI BHUSAN CHOUDHURY,BARPETA(DEPUTY COMMISSIONER BARPETA 1),Normal/Others,Vendor Identification,1000000,1000000,1000000,1,430,260,2,1,0,0.0,Low,0,,,,"[DEMO FIXTURE - placeholder, not an engine result] No unusual pattern was triggered for this work.",true
WS/MP18031/2025-2026/153159,Bihar,AURANGABAD_BR,ABHAY KUMAR SINHA,GAYA(DISTRICT PLANNING OFFICER GAYA_IDA),Normal/Others,Physical Inspection,473826,473826,473826,1,527,518,1,1,0,0.0,Low,0,,,,"[DEMO FIXTURE - placeholder, not an engine result] No unusual pattern was triggered for this work.",true
WS/MP18048/2024-2025/149426,Chhattisgarh,BASTAR(ST),MAHESH KASHYAP,BIJAPUR(Collector Bijapur_IDA),Normal/Others,Work partially Completed,878010,878010,878010,1,624,262,2,1,0,0.0,Low,0,,,,"[DEMO FIXTURE - placeholder, not an engine result] No unusual pattern was triggered for this work.",true
WS/MP18052/2025-2026/156480,Goa,SOUTH GOA,CAPTAIN VIRIATO FERNANDES,SOUTH GOA(DISTRICT COLLECTOR SOUTH GOA_IDA),Normal/Others,Work Completed,2300000,2069969,2069969,0.899987,309,142,1,1,0,0.0,Low,0,,,,"[DEMO FIXTURE - placeholder, not an engine result] No unusual pattern was triggered for this work.",true
WS/MP18062/2024-2025/162875,Haryana,HISAR,JAI PARKASH,HISAR(DEPUTY COMMISSIONER HISSAR_IDA),Normal/Others,Physical Inspection,45383,45383,45383,1,557,442,1,1,0,0.0,Low,0,,,,"[DEMO FIXTURE - placeholder, not an engine result] No unusual pattern was triggered for this work.",true
WS/MP18069/2024-2025/165764,Himachal Pradesh,KANGRA,RAJEEV BHARDWAJ,KANGRA(DEPUTY COMMISSIONER KANGRA_IDA),Normal/Others,Work Completed,300000,300000,300000,1,553,302,2,1,0,0.0,Low,0,,,,"[DEMO FIXTURE - placeholder, not an engine result] No unusual pattern was triggered for this work.",true
WS/MP18071/2025-2026/200881,Jharkhand,CHATRA,KALI CHARAN SINGH,CHATRA(DEPUTY COMMISSIONER CHATRA_IDA),Repair and Renovation,Work partially Completed,150000,149811,149811,0.99874,315,209,1,1,0,0.0,Low,0,,,,"[DEMO FIXTURE - placeholder, not an engine result] No unusual pattern was triggered for this work.",true
WS/MP18076/2025-2026/201130,Karnataka,BANGALORE RURAL,DR C N MANJUNATH,BENGALURU URBAN(DEPUTY COMMISSIONER BANGALORE URBAN_IDA),Normal/Others,Physical Inspection,299142,299142,299142,1,206,140,1,1,0,0.0,Low,0,,,,"[DEMO FIXTURE - placeholder, not an engine result] No unusual pattern was triggered for this work.",true
WS/MP18097/2025-2026/178938,Kerala,VADAKARA,SHAFI PARAMBIL,KANNUR(DISTRICT COLLECTOR KANNUR_IDA),Normal/Others,Work partially Completed,1700000,1635422,1635422,0.962013,339,36,3,2,0,0.0,Low,0,,,,"[DEMO FIXTURE - placeholder, not an engine result] No unusual pattern was triggered for this work.",true
